mean_times_cum,mean_mag,mean_energy
0.0,1.0,1084.752
0.49860689423636956,1.13,1084.606
0.9972137884727391,1.302,1084.5
1.4958206827091087,1.454,1084.444
1.9944275769454782,1.602,1084.456
2.493034471181848,1.735,1084.431
2.9916413654182175,1.872,1084.36
3.490248259654587,1.978,1084.34
3.9888551538909565,2.085,1084.329
4.487462048127326,2.159,1084.341
4.986068942363696,2.204,1084.32
5.484675836600065,2.262,1084.284
5.983282730836435,2.297,1084.233
6.481889625072804,2.344,1084.238
6.980496519309174,2.35,1084.258
7.479103413545543,2.394,1084.216
7.977710307781913,2.44,1084.214
8.476317202018283,2.446,1084.23
8.974924096254652,2.482,1084.198
9.473530990491021,2.533,1084.121
9.972137884727392,2.573,1084.119
10.47074477896376,2.615,1084.149
10.96935167320013,2.624,1084.18
11.467958567436499,2.556,1084.208
11.96656546167287,2.585,1084.161
12.465172355909239,2.588,1084.13
12.963779250145608,2.644,1084.118
13.462386144381979,2.644,1084.162
13.960993038618348,2.668,1084.148
14.459599932854717,2.642,1084.114
14.958206827091086,2.632,1084.136
15.456813721327457,2.662,1084.092
15.955420615563826,2.69,1084.116
16.454027509800195,2.707,1084.131
16.952634404036566,2.75,1084.14
17.451241298272933,2.768,1084.1
17.949848192509304,2.757,1084.147
18.448455086745675,2.766,1084.144
18.947061980982042,2.831,1084.127
19.445668875218413,2.795,1084.121
19.944275769454784,2.774,1084.06
20.44288266369115,2.753,1084.107
20.94148955792752,2.717,1084.109
21.440096452163893,2.732,1084.168
21.93870334640026,2.723,1084.099
22.43731024063663,2.775,1084.097
22.935917134872998,2.743,1084.167
23.43452402910937,2.77,1084.182
23.93313092334574,2.788,1084.112
24.431737817582107,2.739,1084.085
24.930344711818478,2.733,1084.095
25.42895160605485,2.72,1084.162
25.927558500291216,2.725,1084.169
26.426165394527587,2.72,1084.094
26.924772288763958,2.728,1084.126
27.423379183000325,2.708,1084.108
27.921986077236696,2.751,1084.099
28.420592971473067,2.743,1084.103
28.919199865709434,2.771,1084.089
29.417806759945805,2.78,1084.07
29.916413654182172,2.804,1084.066
30.415020548418543,2.801,1084.099
30.913627442654914,2.74,1084.104
31.41223433689128,2.754,1084.144
31.91084123112765,2.795,1084.127
32.40944812536402,2.776,1084.104
32.90805501960039,2.782,1084.112
33.40666191383676,2.726,1084.082
33.90526880807313,2.706,1084.098
34.4038757023095,2.734,1084.104
34.902482596545866,2.746,1084.12
35.40108949078224,2.731,1084.109
35.89969638501861,2.735,1084.091
36.398303279254975,2.759,1084.129
36.89691017349135,2.765,1084.133
37.39551706772772,2.792,1084.174
37.894123961964084,2.758,1084.186
38.39273085620046,2.797,1084.103
38.891337750436826,2.773,1084.121
39.38994464467319,2.766,1084.134
39.88855153890957,2.762,1084.092
40.387158433145935,2.732,1084.154
40.8857653273823,2.722,1084.098
41.384372221618676,2.707,1084.079
41.88297911585504,2.747,1084.137
42.38158601009141,2.734,1084.15
42.880192904327785,2.722,1084.128
43.37879979856415,2.758,1084.156
43.87740669280052,2.74,1084.092
44.376013587036894,2.794,1084.104
44.87462048127326,2.821,1084.119
45.37322737550963,2.802,1084.094
45.871834269745996,2.808,1084.164
46.37044116398237,2.742,1084.096
46.86904805821874,2.741,1084.135
47.367654952455105,2.722,1084.128
47.86626184669148,2.676,1084.1
48.36486874092785,2.707,1084.163
48.863475635164214,2.734,1084.106
49.36208252940059,2.7,1084.13
49.860689423636956,2.711,1084.143
50.35929631787332,2.688,1084.14
50.8579032121097,2.706,1084.116
51.356510106346065,2.721,1084.145
51.85511700058243,2.718,1084.142
52.353723894818806,2.66,1084.142
52.85233078905517,2.68,1084.146
53.35093768329154,2.722,1084.158
53.849544577527915,2.698,1084.084
54.34815147176428,2.731,1084.115
54.84675836600065,2.713,1084.101
55.345365260237024,2.724,1084.072
55.84397215447339,2.745,1084.067
56.34257904870976,2.748,1084.144
56.84118594294613,2.721,1084.083
57.3397928371825,2.707,1084.111
57.83839973141887,2.709,1084.089
58.337006625655235,2.705,1084.115
58.83561351989161,2.7,1084.134
59.33422041412798,2.7,1084.13
59.832827308364344,2.714,1084.116
60.33143420260072,2.716,1084.132
60.830041096837085,2.728,1084.124
61.32864799107345,2.712,1084.126
61.82725488530983,2.735,1084.075
62.325861779546194,2.699,1084.131
62.82446867378256,2.721,1084.155
63.323075568018936,2.712,1084.098
63.8216824622553,2.7,1084.1
64.32028935649167,2.697,1084.069
64.81889625072805,2.758,1084.088
65.3175031449644,2.739,1084.143
65.81611003920078,2.747,1084.153
66.31471693343715,2.755,1084.123
66.81332382767351,2.728,1084.166
67.31193072190989,2.726,1084.16
67.81053761614626,2.75,1084.072
68.30914451038262,2.771,1084.109
68.807751404619,2.797,1084.149
69.30635829885537,2.81,1084.094
69.80496519309173,2.811,1084.113
70.3035720873281,2.829,1084.081
70.80217898156448,2.784,1084.078
71.30078587580084,2.751,1084.145
71.79939277003722,2.77,1084.074
72.29799966427359,2.794,1084.09
72.79660655850995,2.787,1084.131
73.29521345274632,2.785,1084.121
73.7938203469827,2.792,1084.084
74.29242724121906,2.802,1084.116
74.79103413545543,2.777,1084.111
75.28964102969181,2.752,1084.1
75.78824792392817,2.711,1084.061
76.28685481816454,2.7,1084.078
76.78546171240092,2.693,1084.113
77.28406860663728,2.672,1084.096
77.78267550087365,2.725,1084.101
78.28128239511003,2.721,1084.127
78.77988928934639,2.714,1084.148
79.27849618358276,2.76,1084.088
79.77710307781913,2.741,1084.135
80.2757099720555,2.725,1084.125
80.77431686629187,2.735,1084.147
81.27292376052824,2.704,1084.106
81.7715306547646,2.703,1084.059
82.27013754900098,2.716,1084.16
82.76874444323735,2.674,1084.182
83.26735133747371,2.697,1084.101
83.76595823171009,2.72,1084.144
84.26456512594646,2.7,1084.13
84.76317202018282,2.687,1084.091
85.2617789144192,2.691,1084.123
85.76038580865557,2.701,1084.095
86.25899270289193,2.702,1084.114
86.7575995971283,2.74,1084.142
87.25620649136468,2.748,1084.102
87.75481338560104,2.726,1084.134
88.25342027983741,2.754,1084.126
88.75202717407379,2.784,1084.134
89.25063406831015,2.8,1084.108
89.74924096254652,2.745,1084.063
90.24784785678288,2.795,1084.087
90.74645475101926,2.784,1084.082
91.24506164525563,2.777,1084.081
91.74366853949199,2.739,1084.113
92.24227543372837,2.817,1084.091
92.74088232796474,2.772,1084.102
93.2394892222011,2.754,1084.144
93.73809611643748,2.783,1084.083
94.23670301067385,2.775,1084.063
94.73530990491021,2.768,1084.124
95.23391679914658,2.774,1084.11
95.73252369338296,2.76,1084.156
96.23113058761932,2.716,1084.096
96.7297374818557,2.744,1084.152
97.22834437609207,2.781,1084.195
97.72695127032843,2.776,1084.056
98.2255581645648,2.798,1084.098
98.72416505880118,2.748,1084.074
99.22277195303754,2.761,1084.125
99.72137884727391,2.77,1084.102
100.21998574151029,2.75,1084.068
100.71859263574665,2.776,1084.11
101.21719952998302,2.752,1084.156
101.7158064242194,2.745,1084.083
102.21441331845575,2.658,1084.132
102.71302021269213,2.634,1084.178
103.2116271069285,2.651,1084.123
103.71023400116486,2.629,1084.095
104.20884089540124,2.675,1084.161
104.70744778963761,2.683,1084.143
105.20605468387397,2.621,1084.137
105.70466157811035,2.7,1084.066
106.20326847234672,2.716,1084.172
106.70187536658308,2.703,1084.183
107.20048226081946,2.694,1084.142
107.69908915505583,2.722,1084.202
108.19769604929219,2.719,1084.141
108.69630294352856,2.752,1084.098
109.19490983776494,2.75,1084.088
109.6935167320013,2.725,1084.127
110.19212362623767,2.787,1084.117
110.69073052047405,2.781,1084.123
111.18933741471041,2.774,1084.11
111.68794430894678,2.707,1084.087
112.18655120318316,2.742,1084.09
112.68515809741952,2.782,1084.166
113.18376499165589,2.765,1084.105
113.68237188589227,2.781,1084.121
114.18097878012863,2.78,1084.136
114.679585674365,2.768,1084.102
115.17819256860136,2.733,1084.145
115.67679946283774,2.747,1084.123
116.17540635707411,2.713,1084.171
116.67401325131047,2.74,1084.134
117.17262014554684,2.712,1084.072
117.67122703978322,2.736,1084.106
118.16983393401958,2.676,1084.094
118.66844082825595,2.703,1084.123
119.16704772249233,2.719,1084.177
119.66565461672869,2.699,1084.141
120.16426151096506,2.728,1084.168
120.66286840520144,2.729,1084.171
121.1614752994378,2.733,1084.117
121.66008219367417,2.774,1084.134
122.15868908791055,2.764,1084.132
122.6572959821469,2.787,1084.129
123.15590287638328,2.787,1084.125
123.65450977061965,2.729,1084.187
124.15311666485601,2.76,1084.128
124.65172355909239,2.786,1084.11
125.15033045332876,2.783,1084.121
125.64893734756512,2.782,1084.094
126.1475442418015,2.776,1084.146
126.64615113603787,2.77,1084.078
127.14475803027423,2.797,1084.079
127.6433649245106,2.81,1084.152
128.14197181874698,2.796,1084.16
128.64057871298334,2.758,1084.082
129.1391856072197,2.754,1084.038
129.6377925014561,2.723,1084.087
130.13639939569245,2.794,1084.124
130.6350062899288,2.724,1084.144
131.1336131841652,2.728,1084.074
131.63222007840156,2.744,1084.112
132.13082697263792,2.699,1084.147
132.6294338668743,2.71,1084.052
133.12804076111067,2.711,1084.115
133.62664765534703,2.729,1084.119
134.12525454958342,2.738,1084.078
134.62386144381978,2.708,1084.108
135.12246833805614,2.734,1084.14
135.62107523229253,2.791,1084.127
136.1196821265289,2.711,1084.129
136.61828902076525,2.746,1084.102
137.11689591500163,2.717,1084.119
137.615502809238,2.731,1084.135
138.11410970347436,2.706,1084.078
138.61271659771074,2.751,1084.099
139.1113234919471,2.752,1084.02
139.60993038618346,2.782,1084.124
140.10853728041985,2.78,1084.124
140.6071441746562,2.762,1084.146
141.10575106889257,2.748,1084.114
141.60435796312896,2.74,1084.158
142.10296485736532,2.769,1084.093
142.60157175160168,2.721,1084.115
143.10017864583807,2.732,1084.144
143.59878554007443,2.705,1084.139
144.0973924343108,2.724,1084.138
144.59599932854718,2.721,1084.135
145.09460622278354,2.689,1084.099
145.5932131170199,2.736,1084.148
146.0918200112563,2.721,1084.181
146.59042690549265,2.717,1084.127
147.089033799729,2.712,1084.132
147.5876406939654,2.718,1084.124
148.08624758820176,2.733,1084.137
148.58485448243812,2.758,1084.15
149.0834613766745,2.74,1084.162
149.58206827091087,2.772,1084.154
150.08067516514723,2.794,1084.136
150.57928205938362,2.742,1084.096
151.07788895361998,2.777,1084.081
151.57649584785634,2.773,1084.077
152.07510274209272,2.747,1084.087
152.57370963632908,2.766,1084.1
153.07231653056544,2.753,1084.123
153.57092342480183,2.732,1084.132
154.0695303190382,2.712,1084.122
154.56813721327455,2.714,1084.146
155.06674410751094,2.714,1084.158
155.5653510017473,2.742,1084.178
156.06395789598366,2.693,1084.175
156.56256479022005,2.729,1084.171
157.0611716844564,2.724,1084.174
157.55977857869277,2.701,1084.147
158.05838547292916,2.711,1084.141
158.55699236716552,2.688,1084.12
159.05559926140188,2.694,1084.138
159.55420615563827,2.62,1084.118
160.05281304987463,2.659,1084.135
160.551419944111,2.691,1084.165
161.05002683834738,2.723,1084.075
161.54863373258374,2.714,1084.126
162.0472406268201,2.701,1084.153
162.5458475210565,2.737,1084.091
163.04445441529285,2.755,1084.117
163.5430613095292,2.727,1084.067
164.0416682037656,2.728,1084.104
164.54027509800196,2.712,1084.116
165.03888199223832,2.686,1084.138
165.5374888864747,2.656,1084.07
166.03609578071107,2.74,1084.132
166.53470267494743,2.729,1084.095
167.0333095691838,2.683,1084.179
167.53191646342017,2.714,1084.116
168.03052335765653,2.708,1084.148
168.52913025189292,2.649,1084.113
169.02773714612928,2.635,1084.101
169.52634404036564,2.62,1084.156
170.02495093460203,2.64,1084.094
170.5235578288384,2.663,1084.167
171.02216472307475,2.679,1084.185
171.52077161731114,2.654,1084.17
172.0193785115475,2.687,1084.163
172.51798540578386,2.721,1084.149
173.01659230002025,2.738,1084.128
173.5151991942566,2.711,1084.077
174.01380608849297,2.73,1084.1
174.51241298272936,2.722,1084.112
175.01101987696572,2.772,1084.118
175.50962677120208,2.781,1084.133
176.00823366543847,2.788,1084.138
176.50684055967483,2.767,1084.047
177.0054474539112,2.823,1084.091
177.50405434814758,2.811,1084.119
178.00266124238394,2.815,1084.115
178.5012681366203,2.818,1084.08
178.99987503085666,2.784,1084.164
179.49848192509305,2.82,1084.092
179.9970888193294,2.767,1084.109
180.49569571356577,2.743,1084.079
180.99430260780215,2.709,1084.145
181.49290950203851,2.708,1084.11
181.99151639627487,2.709,1084.101
182.49012329051126,2.729,1084.189
182.98873018474762,2.771,1084.149
183.48733707898398,2.758,1084.082
183.98594397322037,2.781,1084.071
184.48455086745673,2.774,1084.1
184.9831577616931,2.747,1084.095
185.48176465592948,2.764,1084.122
185.98037155016584,2.731,1084.109
186.4789784444022,2.774,1084.09
186.9775853386386,2.77,1084.096
187.47619223287495,2.737,1084.095
187.9747991271113,2.724,1084.106
188.4734060213477,2.708,1084.088
188.97201291558406,2.733,1084.127
189.47061980982042,2.748,1084.1
189.9692267040568,2.797,1084.155
190.46783359829317,2.78,1084.138
190.96644049252953,2.766,1084.078
191.46504738676592,2.819,1084.115
191.96365428100228,2.777,1084.099
192.46226117523864,2.71,1084.142
192.96086806947503,2.759,1084.147
193.4594749637114,2.804,1084.088
193.95808185794775,2.839,1084.079
194.45668875218414,2.803,1084.085
194.9552956464205,2.792,1084.112
195.45390254065686,2.841,1084.139
195.95250943489324,2.803,1084.129
196.4511163291296,2.775,1084.167
196.94972322336596,2.786,1084.174
197.44833011760235,2.762,1084.078
197.9469370118387,2.782,1084.066
198.44554390607507,2.834,1084.134
198.94415080031146,2.775,1084.073
199.44275769454782,2.778,1084.106
199.94136458878418,2.744,1084.088
200.43997148302057,2.817,1084.063
200.93857837725693,2.786,1084.096
201.4371852714933,2.817,1084.155
201.93579216572968,2.802,1084.074
202.43439905996604,2.824,1084.054
202.9330059542024,2.825,1084.097
203.4316128484388,2.798,1084.084
203.93021974267515,2.83,1084.11
204.4288266369115,2.832,1084.086
204.9274335311479,2.84,1084.054
205.42604042538426,2.829,1084.063
205.92464731962062,2.792,1084.092
206.423254213857,2.817,1084.127
206.92186110809337,2.784,1084.096
207.42046800232973,2.814,1084.076
207.91907489656612,2.805,1084.091
208.41768179080248,2.765,1084.117
208.91628868503884,2.799,1084.109
209.41489557927522,2.779,1084.115
209.91350247351158,2.746,1084.076
210.41210936774795,2.692,1084.092
210.91071626198433,2.72,1084.14
211.4093231562207,2.691,1084.145
211.90793005045705,2.696,1084.106
212.40653694469344,2.689,1084.151
212.9051438389298,2.723,1084.117
213.40375073316616,2.688,1084.158
213.90235762740255,2.708,1084.128
214.4009645216389,2.745,1084.131
214.89957141587527,2.748,1084.166
215.39817831011166,2.722,1084.178
215.89678520434802,2.723,1084.117
216.39539209858438,2.735,1084.117
216.89399899282077,2.701,1084.155
217.39260588705713,2.675,1084.113
217.8912127812935,2.74,1084.158
218.38981967552988,2.747,1084.139
218.88842656976624,2.721,1084.127
219.3870334640026,2.705,1084.117
219.885640358239,2.703,1084.109
220.38424725247535,2.711,1084.119
220.8828541467117,2.7,1084.138
221.3814610409481,2.699,1084.159
221.88006793518446,2.735,1084.129
222.37867482942082,2.713,1084.119
222.8772817236572,2.734,1084.15
223.37588861789357,2.722,1084.17
223.87449551212993,2.739,1084.145
224.3731024063663,2.698,1084.116
224.87170930060267,2.718,1084.156
225.37031619483903,2.683,1084.103
225.86892308907542,2.719,1084.121
226.36752998331178,2.727,1084.105
226.86613687754814,2.74,1084.132
227.36474377178453,2.746,1084.08
227.8633506660209,2.684,1084.136
228.36195756025725,2.693,1084.129
228.86056445449364,2.735,1084.145
229.35917134873,2.744,1084.066
229.85777824296636,2.711,1084.099
230.35638513720272,2.718,1084.142
230.8549920314391,2.702,1084.114
231.35359892567547,2.72,1084.132
231.85220581991183,2.718,1084.164
232.35081271414822,2.705,1084.135
232.84941960838458,2.71,1084.124
233.34802650262094,2.744,1084.15
233.84663339685733,2.723,1084.161
234.3452402910937,2.7,1084.132
234.84384718533005,2.739,1084.113
235.34245407956644,2.743,1084.087
235.8410609738028,2.757,1084.155
236.33966786803916,2.731,1084.187
236.83827476227555,2.733,1084.137
237.3368816565119,2.693,1084.147
237.83548855074827,2.693,1084.135
238.33409544498465,2.706,1084.12
238.83270233922102,2.712,1084.092
239.33130923345738,2.793,1084.157
239.82991612769376,2.752,1084.16
240.32852302193012,2.748,1084.148
240.82712991616648,2.779,1084.127
241.32573681040287,2.787,1084.085
241.82434370463923,2.779,1084.073
242.3229505988756,2.776,1084.086
242.82155749311198,2.738,1084.088
243.32016438734834,2.685,1084.093
243.8187712815847,2.723,1084.101
244.3173781758211,2.714,1084.11
244.81598507005745,2.729,1084.099
245.3145919642938,2.746,1084.176
245.8131988585302,2.704,1084.116
246.31180575276656,2.781,1084.113
246.81041264700292,2.76,1084.116
247.3090195412393,2.747,1084.113
247.80762643547567,2.766,1084.082
248.30623332971203,2.749,1084.107
248.80484022394842,2.733,1084.105
249.30344711818478,2.748,1084.1
249.80205401242114,2.672,1084.142
250.30066090665753,2.726,1084.142
250.7992678008939,2.732,1084.134
251.29787469513025,2.75,1084.126
251.79648158936664,2.794,1084.138
252.295088483603,2.756,1084.094
252.79369537783936,2.779,1084.065
253.29230227207574,2.744,1084.138
253.7909091663121,2.73,1084.13
254.28951606054846,2.734,1084.078
254.78812295478485,2.764,1084.082
255.2867298490212,2.761,1084.113
255.78533674325757,2.724,1084.048
256.28394363749396,2.728,1084.108
256.7825505317303,2.737,1084.095
257.2811574259667,2.71,1084.098
257.77976432020307,2.708,1084.128
258.2783712144394,2.718,1084.12
258.7769781086758,2.694,1084.128
259.2755850029122,2.654,1084.09
259.7741918971485,2.654,1084.16
260.2727987913849,2.681,1084.127
260.7714056856213,2.68,1084.132
261.2700125798576,2.655,1084.145
261.768619474094,2.646,1084.15
262.2672263683304,2.63,1084.136
262.76583326256673,2.729,1084.129
263.2644401568031,2.722,1084.184
263.7630470510395,2.72,1084.168
264.26165394527584,2.694,1084.16
264.7602608395122,2.691,1084.135
265.2588677337486,2.751,1084.171
265.75747462798495,2.699,1084.139
266.25608152222134,2.689,1084.163
266.7546884164577,2.708,1084.066
267.25329531069406,2.744,1084.13
267.75190220493045,2.691,1084.111
268.25050909916683,2.7,1084.154
268.74911599340317,2.754,1084.116
269.24772288763955,2.712,1084.114
269.74632978187594,2.732,1084.128
270.2449366761123,2.699,1084.131
270.74354357034866,2.672,1084.15
271.24215046458505,2.717,1084.079
271.7407573588214,2.727,1084.053
272.2393642530578,2.747,1084.107
272.73797114729416,2.761,1084.135
273.2365780415305,2.752,1084.11
273.7351849357669,2.732,1084.092
274.23379183000327,2.723,1084.129
274.7323987242396,2.709,1084.113
275.231005618476,2.735,1084.119
275.7296125127124,2.74,1084.162
276.2282194069487,2.732,1084.094
276.7268263011851,2.706,1084.092
277.2254331954215,2.745,1084.109
277.7240400896578,2.793,1084.149
278.2226469838942,2.775,1084.125
278.7212538781306,2.751,1084.075
279.2198607723669,2.76,1084.11
279.7184676666033,2.789,1084.129
280.2170745608397,2.841,1084.077
280.71568145507604,2.776,1084.112
281.2142883493124,2.798,1084.114
281.7128952435488,2.77,1084.064
282.21150213778515,2.771,1084.099
282.71010903202153,2.789,1084.095
283.2087159262579,2.712,1084.086
283.70732282049426,2.74,1084.11
284.20592971473064,2.759,1084.115
284.70453660896703,2.784,1084.1
285.20314350320336,2.766,1084.122
285.70175039743975,2.761,1084.121
286.20035729167614,2.767,1084.157
286.6989641859125,2.72,1084.15
287.19757108014886,2.774,1084.126
287.69617797438525,2.752,1084.158
288.1947848686216,2.773,1084.105
288.69339176285797,2.75,1084.116
289.19199865709436,2.761,1084.117
289.6906055513307,2.742,1084.12
290.1892124455671,2.79,1084.118
290.68781933980347,2.78,1084.108
291.1864262340398,2.772,1084.116
291.6850331282762,2.745,1084.107
292.1836400225126,2.766,1084.102
292.6822469167489,2.74,1084.12
293.1808538109853,2.706,1084.122
293.6794607052217,2.689,1084.189
294.178067599458,2.673,1084.095
294.6766744936944,2.655,1084.103
295.1752813879308,2.712,1084.12
295.6738882821671,2.733,1084.177
296.1724951764035,2.72,1084.132
296.6711020706399,2.709,1084.113
297.16970896487624,2.747,1084.099
297.6683158591126,2.733,1084.167
298.166922753349,2.729,1084.141
298.66552964758534,2.711,1084.147
299.16413654182173,2.73,1084.176
299.6627434360581,2.728,1084.172
300.16135033029445,2.717,1084.109
300.65995722453084,2.746,1084.144
301.15856411876723,2.696,1084.13
301.65717101300356,2.72,1084.158
302.15577790723995,2.782,1084.126
302.65438480147634,2.77,1084.108
303.15299169571267,2.743,1084.129
303.65159858994906,2.772,1084.132
304.15020548418545,2.715,1084.117
304.6488123784218,2.71,1084.158
305.14741927265817,2.699,1084.143
305.64602616689456,2.687,1084.121
306.1446330611309,2.724,1084.09
306.6432399553673,2.763,1084.121
307.14184684960367,2.804,1084.084
307.64045374384,2.785,1084.113
308.1390606380764,2.765,1084.097
308.6376675323128,2.821,1084.065
309.1362744265491,2.811,1084.115
309.6348813207855,2.782,1084.126
310.1334882150219,2.788,1084.126
310.6320951092582,2.783,1084.147
311.1307020034946,2.785,1084.147
311.629308897731,2.739,1084.111
312.1279157919673,2.708,1084.104
312.6265226862037,2.694,1084.11
313.1251295804401,2.637,1084.107
313.62373647467643,2.659,1084.105
314.1223433689128,2.701,1084.169
314.6209502631492,2.712,1084.194
315.11955715738554,2.664,1084.188
315.61816405162193,2.66,1084.184
316.1167709458583,2.681,1084.161
316.61537784009465,2.729,1084.095
317.11398473433104,2.692,1084.146
317.61259162856743,2.722,1084.126
318.11119852280376,2.66,1084.134
318.60980541704015,2.677,1084.115
319.10841231127654,2.734,1084.104
319.60701920551287,2.706,1084.106
320.10562609974926,2.723,1084.091
320.60423299398565,2.718,1084.1
321.102839888222,2.701,1084.069
321.60144678245837,2.689,1084.111
322.10005367669476,2.718,1084.128
322.5986605709311,2.716,1084.15
323.0972674651675,2.736,1084.146
323.59587435940387,2.723,1084.155
324.0944812536402,2.717,1084.105
324.5930881478766,2.697,1084.089
325.091695042113,2.68,1084.08
325.5903019363493,2.652,1084.102
326.0889088305857,2.688,1084.126
326.5875157248221,2.705,1084.101
327.0861226190584,2.69,1084.114
327.5847295132948,2.732,1084.132
328.0833364075312,2.761,1084.167
328.5819433017675,2.764,1084.118
329.0805501960039,2.75,1084.094
329.5791570902403,2.754,1084.116
330.07776398447663,2.695,1084.143
330.576370878713,2.671,1084.083
331.0749777729494,2.719,1084.133
331.57358466718574,2.716,1084.086
332.07219156142213,2.744,1084.106
332.5707984556585,2.712,1084.078
333.06940534989485,2.758,1084.136
333.56801224413124,2.774,1084.136
334.0666191383676,2.783,1084.161
334.56522603260396,2.758,1084.158
335.06383292684035,2.724,1084.112
335.56243982107674,2.7077077077077076,1084.5155155155155
336.06104671531307,2.754754754754755,1084.5205205205204
336.55965360954946,2.7567567567567566,1084.5545545545544
337.05826050378585,2.7717717717717716,1084.5395395395396
337.5568673980222,2.7577577577577577,1084.5795795795796
338.05547429225857,2.798798798798799,1084.5625625625626
338.55408118649495,2.7717717717717716,1084.6096096096096
339.0526880807313,2.7727727727727727,1084.5745745745746
339.5512949749677,2.7237237237237237,1084.5155155155155
340.04990186920406,2.7227227227227226,1084.5405405405406
340.5485087634404,2.7027027027027026,1084.5445445445446
341.0471156576768,2.6986986986986987,1084.5345345345345
341.5457225519132,2.7227227227227226,1084.5805805805805
342.0443294461495,2.7267267267267266,1084.5485485485485
342.5429363403859,2.7277277277277276,1084.5235235235236
343.0415432346223,2.7713139418254764,1083.8445336008024
343.5401501288586,2.79839518555667,1083.8736208625878
344.038757023095,2.791374122367101,1083.8284854563692
344.5373639173314,2.832497492477432,1083.8716148445335
345.0359708115677,2.7973921765295886,1083.8324974924774
345.5345777058041,2.79839518555667,1083.8134403209629
346.0331846000405,2.8343373493975905,1082.9226907630523
346.53179149427683,2.8393574297188753,1082.9839357429719
347.0303983885132,2.8323293172690764,1082.9789156626507
347.5290052827496,2.8353413654618476,1082.9899598393574
348.02761217698594,2.785140562248996,1082.9738955823293
348.52621907122233,2.78714859437751,1083.0020080321285
349.0248259654587,2.7909547738693465,1083.070351758794
349.52343285969505,2.8030150753768845,1083.0924623115577
350.02203975393144,2.784924623115578,1083.04824120603
350.5206466481678,2.8331658291457287,1083.0020100502513
351.01925354240416,2.7678391959798994,1082.9829145728643
351.51786043664055,2.8036253776435047,1083.44612286002
352.01646733087694,2.7482376636455186,1083.4068479355487
352.51507422511327,2.7633434038267874,1083.4098690835851
353.01368111934966,2.7552870090634443,1083.4541792547834
353.51228801358604,2.7358870967741935,1082.3608870967741
354.0108949078224,2.768686868686869,1082.2838383838384
354.50950180205876,2.7378542510121457,1081.9362348178138
355.00810869629515,2.740628166160081,1082.775075987842
355.5067155905315,2.746450304259635,1082.6754563894524
356.0053224847679,2.7601626016260163,1083.3678861788617
356.50392937900426,2.7601626016260163,1083.3577235772357
357.0025362732406,2.7784552845528454,1083.388211382114
357.501143167477,2.756619144602851,1083.7016293279023
357.9997500617133,2.8105906313645623,1083.753564154786
358.4983569559497,2.7474541751527495,1083.7576374745418
358.9969638501861,2.750254841997961,1084.2976554536187
359.4955707444224,2.7517875383043924,1084.6006128702759
359.9941776386588,2.7911975435005116,1085.7369498464689
360.4927845328952,2.777207392197125,1086.7381930184804
360.99139142713153,2.764887063655031,1086.7874743326488
361.4899983213679,2.764887063655031,1086.7813141683778
361.9886052156043,2.78622816032888,1086.344295991778
362.48721210984064,2.7882836587872557,1086.3710174717369
362.98581900407703,2.7584789311408016,1086.3864337101747
363.4844258983134,2.7312049433573637,1085.4933058702368
363.98303279254975,2.81198347107438,1085.7438016528927
364.48163968678614,2.7494802494802495,1084.9532224532225
364.9802465810225,2.739854318418314,1084.9750260145681
365.47885347525886,2.722338204592902,1084.9123173277662
365.97746036949525,2.73717277486911,1082.917277486911
366.47606726373164,2.736344537815126,1081.5388655462184
366.97467415796797,2.7402323125659978,1078.8078141499473
367.47328105220436,2.7135306553911205,1077.6268498942918
367.97188794644075,2.758985200845666,1077.6701902748414
368.4704948406771,2.7481402763018066,1079.287991498406
368.96910173491347,2.73048128342246,1081.1390374331552
369.46770862914985,2.737406216505895,1080.9882100750267
369.9663155233862,2.7553879310344827,1080.8868534482758
370.4649224176226,2.800215982721382,1081.3444924406047
370.96352931185896,2.744842562432139,1081.1074918566776
371.4621362060953,2.7461873638344225,1079.31045751634
371.9607431003317,2.7582781456953644,1083.023178807947
372.4593499945681,2.772222222222222,1084.95
372.9579568888044,2.765886287625418,1083.8004459308806
373.4565637830408,2.742152466367713,1083.053811659193
373.9551706772772,2.7105855855855854,1081.3772522522522
374.4537775715135,2.7183257918552037,1080.5282805429865
374.9523844657499,2.7033218785796107,1080.9828178694158
375.4509913599863,2.760045924225029,1080.0206659012629
375.9495982542226,2.7341040462427744,1079.663583815029
376.448205148459,2.699074074074074,1078.7152777777778
376.9468120426954,2.73953488372093,1080.9046511627907
377.44541893693173,2.7532163742690057,1081.8011695906432
377.9440258311681,2.7571090047393363,1082.164691943128
378.4426327254045,2.7443519619500596,1080.3353151010701
378.94123961964084,2.739856801909308,1082.0047732696898
379.4398465138772,2.6706586826347305,1080.6898203592814
379.9384534081136,2.660264105642257,1080.981992797119
380.43706030234995,2.6557575757575758,1077.0678787878787
380.93566719658634,2.649208282582217,1079.967113276492
381.4342740908227,2.6200980392156863,1077.375
381.93288098505906,2.6555142503097895,1078.5539033457248
382.43148787929545,2.686641697877653,1077.7578027465668
382.93009477353183,2.70062893081761,1077.9962264150943
383.42870166776817,2.6569620253164556,1078.8721518987343
383.92730856200455,2.670934699103713,1076.7323943661972
384.42591545624094,2.600515463917526,1076.5463917525774
384.9245223504773,2.6627604166666665,1076.83984375
385.42312924471366,2.615485564304462,1074.4606299212599
385.92173613895005,2.642105263157895,1076.7026315789474
386.4203430331864,2.6343085106382977,1079.6875
386.9189499274228,2.661725067385445,1077.144204851752
387.41755682165916,2.6775956284153004,1081.5956284153006
387.9161637158955,2.6497252747252746,1079.8008241758241
388.4147706101319,2.7434119278779474,1083.1789181692095
388.91337750436827,2.6788732394366197,1081.7915492957748
389.4119843986046,2.658605974395448,1081.4836415362731
389.910591292841,2.6575539568345325,1084.3410071942446
390.4091981870774,2.6491994177583695,1083.9039301310045
390.9078050813137,2.6784140969162995,1083.374449339207
391.4064119755501,2.6761194029850746,1085.0731343283583
391.9050188697865,2.6792168674698793,1082.5256024096386
392.4036257640228,2.640364188163885,1081.9180576631259
392.9022326582592,2.7004608294930876,1080.7281105990783
393.4008395524956,2.7163009404388716,1077.8385579937303
393.89944644673193,2.7104430379746836,1079.6534810126582
394.3980533409683,2.701923076923077,1076.2628205128206
394.8966602352047,2.7092084006462036,1076.2891760904686
395.39526712944104,2.7051070840197693,1074.823723228995
395.8938740236774,2.6838602329450914,1074.6472545757072
396.3924809179138,2.6470588235294117,1077.4773109243697
396.89108781215015,2.6950596252129473,1081.1550255536627
397.38969470638654,2.5972461273666094,1078.3631669535284
397.8883016006229,2.549738219895288,1077.652705061082
398.38690849485926,2.5724381625441697,1076.7491166077739
398.88551538909564,2.6107142857142858,1073.642857142857
399.38412228333203,2.6414414414414416,1070.8468468468468
399.88272917756836,2.6231884057971016,1070.5144927536232
400.38133607180475,2.6654478976234004,1073.4844606946983
400.87994296604114,2.674721189591078,1069.0130111524163
401.3785498602775,2.7175141242937855,1069.8248587570622
401.87715675451386,2.710727969348659,1067.8486590038315
402.37576364875025,2.6929133858267718,1067.4251968503936
402.8743705429866,2.6498993963782698,1066.199195171026
403.37297743722297,2.6659877800407332,1069.3421588594704
403.87158433145936,2.672164948453608,1071.9092783505155
404.3701912256957,2.6645833333333333,1071.7354166666667
404.8687981199321,2.7019027484143763,1071.8646934460887
405.36740501416847,2.712121212121212,1067.1493506493507
405.8660119084048,2.780701754385965,1067.7105263157894
406.3646188026412,2.6941964285714284,1066.247767857143
406.8632256968776,2.675057208237986,1065.421052631579
407.3618325911139,2.7777777777777777,1070.0648148148148
407.8604394853503,2.7339667458432304,1067.1995249406175
408.3590463795867,2.672289156626506,1071.6168674698795
408.857653273823,2.756218905472637,1067.6318407960198
409.3562601680594,2.7682619647355162,1067.6649874055415
409.8548670622958,2.801033591731266,1070.1136950904393
410.3534739565321,2.8090185676392574,1073.185676392573
410.8520808507685,2.8049450549450547,1077.0796703296703
411.3506877450049,2.7621776504297992,1077.272206303725
411.84929463924124,2.7366863905325443,1082.3402366863904
412.3479015334776,2.754601226993865,1070.8159509202453
412.846508427714,2.7350157728706623,1058.1608832807572
413.34511532195035,2.764516129032258,1066.0548387096774
413.84372221618673,2.662251655629139,1070.0860927152319
414.3423291104231,2.6013513513513513,1072.5405405405406
414.84093600465945,2.6551724137931036,1074.510344827586
415.33954289889584,2.592857142857143,1067.5928571428572
415.83814979313223,2.6544117647058822,1064.8382352941176
416.33675668736856,2.5708955223880596,1059.6679104477612
416.83536358160495,2.667924528301887,1060.4867924528303
417.33397047584134,2.6381322957198443,1067.9922178988327
417.8325773700777,2.6547619047619047,1074.202380952381
418.33118426431406,2.5725806451612905,1071.491935483871
418.82979115855045,2.563265306122449,1065.7061224489796
419.3283980527868,2.6066945606694563,1061.9874476987447
419.82700494702317,2.6394849785407724,1055.351931330472
420.32561184125956,2.6447368421052633,1051.8026315789473
420.8242187354959,2.6607142857142856,1054.892857142857
421.3228256297323,2.810185185185185,1056.6157407407406
421.82143252396867,2.7819905213270144,1061.4454976303318
422.320039418205,2.773399014778325,1055.472906403941
422.8186463124414,2.737623762376238,1055.2425742574258
423.3172532066778,2.7604166666666665,1050.8958333333333
423.8158601009141,2.8010752688172045,1060.8010752688172
424.3144669951505,2.71978021978022,1067.9725274725274
424.8130738893869,2.7288135593220337,1072.8870056497176
425.3116807836232,2.710059171597633,1078.414201183432
425.8102876778596,2.7300613496932513,1078.3742331288342
426.308894572096,2.73125,1086.85625
426.8075014663323,2.80794701986755,1081.3245033112582
427.3061083605687,2.7933333333333334,1079.1
427.8047152548051,2.6344827586206896,1085.0620689655173
428.30332214904143,2.7681159420289854,1101.0434782608695
428.8019290432778,2.7028985507246377,1100.9202898550725
429.3005359375142,2.7279411764705883,1098.1838235294117
429.79914283175054,2.7205882352941178,1098.1323529411766
430.29774972598693,2.688888888888889,1098.525925925926
430.7963566202233,2.789473684210526,1100.9097744360902
431.29496351445965,2.816793893129771,1101.7022900763359
431.79357040869604,2.8449612403100777,1105.046511627907
432.29217730293243,2.8031496062992125,1093.3543307086613
432.79078419716876,2.6774193548387095,1107.8870967741937
433.28939109140515,2.680327868852459,1110.516393442623
433.78799798564154,2.8151260504201683,1089.689075630252
434.28660487987787,2.9322033898305087,1090.084745762712
434.78521177411426,2.7857142857142856,1054.3035714285713
435.28381866835065,2.7927927927927927,1062.0900900900901
435.782425562587,2.8529411764705883,1046.6568627450981
436.28103245682337,2.8947368421052633,1017.4
436.77963935105976,2.934065934065934,999.2197802197802
437.2782462452961,3.0,999.4835164835165
437.7768531395325,2.942528735632184,984.2988505747127
438.27546003376887,2.976470588235294,960.8823529411765
438.7740669280052,2.9397590361445785,957.0843373493976
439.2726738222416,2.725,938.2
439.771280716478,2.848101265822785,928.0126582278481
440.2698876107143,2.8333333333333335,927.7307692307693
440.7684945049507,2.7142857142857144,925.5194805194806
441.2671013991871,2.864864864864865,925.1351351351351
441.7657082934234,2.8904109589041096,934.8356164383562
442.2643151876598,2.9315068493150687,934.7945205479452
442.7629220818962,2.7916666666666665,945.7361111111111
443.2615289761325,2.823529411764706,943.5294117647059
443.7601358703689,2.8656716417910446,939.8805970149253
444.2587427646053,3.0,941.4615384615385
444.75734965884163,3.0,985.1311475409836
445.255956553078,3.0,989.3666666666667
445.7545634473144,2.864406779661017,1003.1694915254237
446.25317034155074,2.8947368421052633,998.719298245614
446.75177723578713,2.890909090909091,1003.0363636363636
447.2503841300235,2.943396226415094,1021.7735849056604
447.74899102425985,2.8627450980392157,1038.0
448.24759791849624,2.74,1018.9
448.7462048127326,2.8085106382978724,1016.5531914893617
449.24481170696896,2.761904761904762,1024.1904761904761
449.74341860120535,3.05,995.55
450.24202549544174,3.2051282051282053,981.7179487179487
450.74063238967807,3.026315789473684,965.3421052631579
451.23923928391446,3.0,990.7297297297297
451.73784617815085,2.8529411764705883,971.7352941176471
452.2364530723872,2.787878787878788,947.030303030303
452.73505996662357,2.870967741935484,920.1612903225806
453.23366686085996,3.2,928.0
453.7322737550963,3.2142857142857144,922.5
454.2308806493327,2.9285714285714284,922.5714285714286
454.72948754356906,3.1538461538461537,963.9230769230769
455.2280944378054,3.1153846153846154,963.8846153846154
455.7267013320418,3.0,979.4545454545455
456.2253082262782,2.857142857142857,968.4761904761905
456.7239151205145,2.95,971.45
457.2225220147509,3.4,971.2
457.7211289089873,3.411764705882353,1007.0588235294117
458.2197358032236,3.1176470588235294,1007.0
458.71834269746,2.875,1022.125
459.2169495916964,3.0,1014.6
459.7155564859327,2.769230769230769,971.5384615384615
460.2141633801691,2.6153846153846154,971.0769230769231
460.71277027440544,2.4166666666666665,902.75
461.21137716864183,2.6363636363636362,875.3636363636364
461.7099840628782,2.8181818181818183,875.3636363636364
462.20859095711455,3.0,875.3636363636364
462.70719785135094,3.090909090909091,875.2727272727273
463.20580474558733,2.9,957.7
463.70441163982366,2.625,1103.375
464.20301853406005,2.2857142857142856,1119.142857142857
464.70162542829644,2.2857142857142856,1118.857142857143
465.20023232253277,2.142857142857143,1118.4285714285713
465.69883921676916,2.142857142857143,1118.4285714285713
466.19744611100555,2.142857142857143,1118.7142857142858
466.6960530052419,2.8,1193.2
467.19465989947827,2.8,1193.2
467.69326679371466,2.6,1193.0
468.191873687951,2.4,1192.8
468.6904805821874,2.5,1208.0
469.18908747642377,2.5,1208.0
469.6876943706601,2.25,1207.75
470.1863012648965,2.25,1207.75
470.6849081591329,1.75,1207.25
471.1835150533692,2.0,989.3333333333334
471.6821219476056,1.0,555.0
472.180728841842,1.5,555.5
472.6793357360783,2.0,554.0
473.1779426303147,2.0,554.0
473.6765495245511,1.5,554.5
474.1751564187874,2.5,554.5
474.6737633130238,2.0,554.0
475.1723702072602,2.0,554.0
475.67097710149653,4.0,554.0
476.1695839957329,5.0,555.0
476.6681908899693,4.0,554.0
477.16679778420564,4.0,554.0
477.66540467844203,3.5,554.5
478.1640115726784,3.0,555.0
478.66261846691475,3.0,203.0
479.16122536115114,3.0,203.0
479.6598322553875,3.0,203.0
480.15843914962386,3.0,201.0
480.65704604386025,4.0,202.0
481.15565293809664,4.0,202.0
481.65425983233297,3.0,201.0
482.15286672656936,2.0,202.0
482.65147362080575,2.0,202.0
483.1500805150421,2.0,202.0
483.64868740927847,3.0,201.0
484.14729430351485,3.0,201.0
484.6459011977512,3.0,201.0
485.1445080919876,2.0,204.0
485.64311498622396,2.0,204.0
486.1417218804603,2.0,204.0
486.6403287746967,2.0,204.0
487.1389356689331,2.0,204.0
487.6375425631694,1.0,203.0
488.1361494574058,1.0,203.0
488.6347563516422,1.0,203.0
489.1333632458785,1.0,203.0
489.6319701401149,1.0,203.0
490.1305770343513,0.0,200.0
490.6291839285876,1.0,203.0
491.127790822824,1.0,203.0
491.6263977170604,1.0,203.0
492.12500461129673,1.0,203.0
492.6236115055331,1.0,203.0
493.1222183997695,1.0,203.0
493.62082529400584,1.0,203.0
494.11943218824223,1.0,203.0
494.6180390824786,1.0,203.0
495.11664597671495,1.0,203.0
495.61525287095134,1.0,203.0
496.1138597651877,1.0,203.0
496.61246665942406,1.0,203.0
497.11107355366045,1.0,203.0
497.60968044789684,0.0,200.0
498.10828734213317,1.0,203.0
498.60689423636956,nan,nan
